filename,hgvsg,target_concept_id,timestamp
in-hgvs.csv,NC_000001.11:g.1361836A>G,,Tue Nov 15 04:23:46 2022
in-hgvs.csv,NC_000001.11:g.1361836A>G,,Tue Nov 15 04:23:46 2022
in-hgvs.csv,CM000663.2:g.1361836A>G,,Tue Nov 15 04:23:46 2022
in-hgvs.csv,NC_000001.10:g.1297216A>G,,Tue Nov 15 04:23:46 2022
in-hgvs.csv,CM000663.1:g.1297216A>G,,Tue Nov 15 04:23:46 2022
in-hgvs.csv,NC_000001.9:g.1287079A>G,,Tue Nov 15 04:23:46 2022
in-hgvs.csv,NC_000001.11:g.1495785C>T,,Tue Nov 15 04:23:47 2022
in-hgvs.csv,NC_000001.11:g.1495785C>T,,Tue Nov 15 04:23:47 2022
in-hgvs.csv,CM000663.2:g.1495785C>T,,Tue Nov 15 04:23:47 2022
in-hgvs.csv,NC_000001.10:g.1431165C>T,,Tue Nov 15 04:23:47 2022
in-hgvs.csv,CM000663.1:g.1431165C>T,,Tue Nov 15 04:23:47 2022
in-hgvs.csv,NC_000001.9:g.1421028C>T,,Tue Nov 15 04:23:47 2022
in-hgvs.csv,NC_000001.11:g.1647255T>C,,Tue Nov 15 04:23:47 2022
in-hgvs.csv,NC_000001.11:g.1647255T>C,,Tue Nov 15 04:23:47 2022
in-hgvs.csv,CM000663.2:g.1647255T>C,,Tue Nov 15 04:23:47 2022
in-hgvs.csv,NC_000001.10:g.1582616T>C,,Tue Nov 15 04:23:47 2022
in-hgvs.csv,CM000663.1:g.1582616T>C,,Tue Nov 15 04:23:47 2022
in-hgvs.csv,NC_000001.9:g.1572479T>C,,Tue Nov 15 04:23:47 2022
in-hgvs.csv,NC_000001.11:g.2498686T>G,,Tue Nov 15 04:23:48 2022
in-hgvs.csv,NC_000001.11:g.2498686T>G,,Tue Nov 15 04:23:48 2022
in-hgvs.csv,CM000663.2:g.2498686T>G,,Tue Nov 15 04:23:48 2022
in-hgvs.csv,NC_000001.10:g.2430125T>G,,Tue Nov 15 04:23:48 2022
in-hgvs.csv,CM000663.1:g.2430125T>G,,Tue Nov 15 04:23:48 2022
in-hgvs.csv,NC_000001.9:g.2419985T>G,,Tue Nov 15 04:23:48 2022
in-hgvs.csv,NC_000001.11:g.6094348G>A,,Tue Nov 15 04:23:48 2022
in-hgvs.csv,NC_000001.11:g.6094348G>A,,Tue Nov 15 04:23:48 2022
in-hgvs.csv,CM000663.2:g.6094348G>A,,Tue Nov 15 04:23:48 2022
in-hgvs.csv,NC_000001.10:g.6154408G>A,,Tue Nov 15 04:23:48 2022
in-hgvs.csv,CM000663.1:g.6154408G>A,,Tue Nov 15 04:23:48 2022
in-hgvs.csv,NC_000001.9:g.6076995G>A,,Tue Nov 15 04:23:48 2022
in-hgvs.csv,NG_047091.1:g.107051G>A,,Tue Nov 15 04:23:48 2022
in-hgvs.csv,NC_000001.11:g.9057312A>G,,Tue Nov 15 04:23:48 2022
in-hgvs.csv,NC_000001.11:g.9057312A>G,,Tue Nov 15 04:23:48 2022
in-hgvs.csv,CM000663.2:g.9057312A>G,,Tue Nov 15 04:23:48 2022
in-hgvs.csv,NC_000001.10:g.9117371A>G,,Tue Nov 15 04:23:48 2022
in-hgvs.csv,CM000663.1:g.9117371A>G,,Tue Nov 15 04:23:48 2022
in-hgvs.csv,NC_000001.9:g.9039958A>G,,Tue Nov 15 04:23:48 2022
in-hgvs.csv,NG_050918.1:g.41096T>C,,Tue Nov 15 04:23:48 2022
in-hgvs.csv,NC_000001.11:g.10339754A>T,,Tue Nov 15 04:23:49 2022
in-hgvs.csv,NC_000001.11:g.10339754A>T,,Tue Nov 15 04:23:49 2022
in-hgvs.csv,CM000663.2:g.10339754A>T,,Tue Nov 15 04:23:49 2022
in-hgvs.csv,NC_000001.10:g.10399812A>T,,Tue Nov 15 04:23:49 2022
in-hgvs.csv,CM000663.1:g.10399812A>T,,Tue Nov 15 04:23:49 2022
in-hgvs.csv,NC_000001.9:g.10322399A>T,,Tue Nov 15 04:23:49 2022
in-hgvs.csv,NG_008069.1:g.134049A>T,,Tue Nov 15 04:23:49 2022
in-hgvs.csv,LRG_252:g.134049A>T,,Tue Nov 15 04:23:49 2022
in-hgvs.csv,NC_000001.11:g.16058373G>A,,Tue Nov 15 04:23:49 2022
in-hgvs.csv,NC_000001.11:g.16058373G>A,,Tue Nov 15 04:23:49 2022
in-hgvs.csv,CM000663.2:g.16058373G>A,,Tue Nov 15 04:23:49 2022
in-hgvs.csv,NC_000001.10:g.16384868G>A,,Tue Nov 15 04:23:49 2022
in-hgvs.csv,CM000663.1:g.16384868G>A,,Tue Nov 15 04:23:49 2022
in-hgvs.csv,NC_000001.9:g.16257455G>A,,Tue Nov 15 04:23:49 2022
in-hgvs.csv,NG_013079.1:g.19622G>A,,Tue Nov 15 04:23:49 2022
in-hgvs.csv,NC_000001.11:g.16134290G>A,,Tue Nov 15 04:23:49 2022
in-hgvs.csv,NC_000001.11:g.16134290G>A,,Tue Nov 15 04:23:49 2022
in-hgvs.csv,CM000663.2:g.16134290G>A,,Tue Nov 15 04:23:49 2022
in-hgvs.csv,NC_000001.10:g.16460785G>A,,Tue Nov 15 04:23:49 2022
in-hgvs.csv,CM000663.1:g.16460785G>A,,Tue Nov 15 04:23:49 2022
in-hgvs.csv,NC_000001.9:g.16333372G>A,,Tue Nov 15 04:23:49 2022
in-hgvs.csv,NG_021396.1:g.26798C>T,,Tue Nov 15 04:23:49 2022
in-hgvs.csv,NC_000001.11:g.16536213T>G,,Tue Nov 15 04:23:49 2022
in-hgvs.csv,NC_000001.11:g.16536213T>G,,Tue Nov 15 04:23:49 2022
in-hgvs.csv,CM000663.2:g.16536213T>G,,Tue Nov 15 04:23:49 2022
in-hgvs.csv,NC_000001.10:g.16862708T>G,,Tue Nov 15 04:23:49 2022
in-hgvs.csv,CM000663.1:g.16862708T>G,,Tue Nov 15 04:23:49 2022
in-hgvs.csv,NC_000001.9:g.16735295T>G,,Tue Nov 15 04:23:49 2022
in-hgvs.csv,NC_000001.11:g.16619901C>T,,Tue Nov 15 04:23:49 2022
in-hgvs.csv,NC_000001.11:g.16619901C>T,,Tue Nov 15 04:23:49 2022
in-hgvs.csv,CM000663.2:g.16619901C>T,,Tue Nov 15 04:23:49 2022
in-hgvs.csv,NC_000001.10:g.16946396C>T,,Tue Nov 15 04:23:49 2022
in-hgvs.csv,CM000663.1:g.16946396C>T,,Tue Nov 15 04:23:49 2022
in-hgvs.csv,NC_000001.9:g.16818983C>T,,Tue Nov 15 04:23:49 2022
in-hgvs.csv,NC_000001.11:g.16619939C>T,,Tue Nov 15 04:23:50 2022
in-hgvs.csv,NC_000001.11:g.16619939C>T,,Tue Nov 15 04:23:50 2022
in-hgvs.csv,CM000663.2:g.16619939C>T,,Tue Nov 15 04:23:50 2022
in-hgvs.csv,NC_000001.10:g.16946434C>T,,Tue Nov 15 04:23:50 2022
in-hgvs.csv,CM000663.1:g.16946434C>T,,Tue Nov 15 04:23:50 2022
in-hgvs.csv,NC_000001.9:g.16819021C>T,,Tue Nov 15 04:23:50 2022
in-hgvs.csv,NC_000001.11:g.1293767delG,,Tue Nov 15 04:23:50 2022
in-hgvs.csv,NC_000001.11:g.1293768del,,Tue Nov 15 04:23:50 2022
in-hgvs.csv,CM000663.2:g.1293768del,,Tue Nov 15 04:23:50 2022
in-hgvs.csv,NC_000001.10:g.1229148del,,Tue Nov 15 04:23:50 2022
in-hgvs.csv,CM000663.1:g.1229148del,,Tue Nov 15 04:23:50 2022
in-hgvs.csv,NC_000001.9:g.1219011del,,Tue Nov 15 04:23:50 2022
in-hgvs.csv,NC_000001.11:g.1388566_1388567delTC,,Tue Nov 15 04:23:51 2022
in-hgvs.csv,NC_000001.11:g.1388583_1388584del,,Tue Nov 15 04:23:51 2022
in-hgvs.csv,CM000663.2:g.1388583_1388584del,,Tue Nov 15 04:23:51 2022
in-hgvs.csv,NC_000001.10:g.1323963_1323964del,,Tue Nov 15 04:23:51 2022
in-hgvs.csv,CM000663.1:g.1323963_1323964del,,Tue Nov 15 04:23:51 2022
in-hgvs.csv,NC_000001.9:g.1313826_1313827del,,Tue Nov 15 04:23:51 2022
in-hgvs.csv,NG_029782.1:g.15772_15773del,,Tue Nov 15 04:23:51 2022
in-hgvs.csv,NC_000001.11:g.1435464_1435465delGT,,Tue Nov 15 04:23:51 2022
in-hgvs.csv,NC_000001.11:g.1435475_1435476del,,Tue Nov 15 04:23:51 2022
in-hgvs.csv,CM000663.2:g.1435475_1435476del,,Tue Nov 15 04:23:51 2022
in-hgvs.csv,NC_000001.10:g.1370855_1370856del,,Tue Nov 15 04:23:51 2022
in-hgvs.csv,CM000663.1:g.1370855_1370856del,,Tue Nov 15 04:23:51 2022
in-hgvs.csv,NC_000001.9:g.1360718_1360719del,,Tue Nov 15 04:23:51 2022
in-hgvs.csv,NC_000001.11:g.1647916delC,,Tue Nov 15 04:23:51 2022
in-hgvs.csv,NC_000001.11:g.1647918del,,Tue Nov 15 04:23:51 2022
in-hgvs.csv,CM000663.2:g.1647918del,,Tue Nov 15 04:23:51 2022
in-hgvs.csv,NC_000001.10:g.1583279del,,Tue Nov 15 04:23:51 2022
in-hgvs.csv,CM000663.1:g.1583279del,,Tue Nov 15 04:23:51 2022
in-hgvs.csv,NC_000001.9:g.1573142del,,Tue Nov 15 04:23:51 2022
in-hgvs.csv,NC_000001.11:g.2187286delT,,Tue Nov 15 04:23:51 2022
in-hgvs.csv,NC_000001.11:g.2187296del,,Tue Nov 15 04:23:51 2022
in-hgvs.csv,CM000663.2:g.2187296del,,Tue Nov 15 04:23:51 2022
in-hgvs.csv,NC_000001.10:g.2118735del,,Tue Nov 15 04:23:51 2022
in-hgvs.csv,CM000663.1:g.2118735del,,Tue Nov 15 04:23:51 2022
in-hgvs.csv,NC_000001.9:g.2108595del,,Tue Nov 15 04:23:51 2022
in-hgvs.csv,NG_029616.1:g.141827del,,Tue Nov 15 04:23:51 2022
in-hgvs.csv,NC_000001.11:g.2494990_2495014delGTGTCCTCCCTGCTCCCAGTGCCCC,,Tue Nov 15 04:23:52 2022
in-hgvs.csv,NC_000001.11:g.2495040_2495064del,,Tue Nov 15 04:23:52 2022
in-hgvs.csv,CM000663.2:g.2495040_2495064del,,Tue Nov 15 04:23:52 2022
in-hgvs.csv,NC_000001.10:g.2426479_2426503del,,Tue Nov 15 04:23:52 2022
in-hgvs.csv,CM000663.1:g.2426479_2426503del,,Tue Nov 15 04:23:52 2022
in-hgvs.csv,NC_000001.9:g.2416339_2416363del,,Tue Nov 15 04:23:52 2022
in-hgvs.csv,NC_000001.11:g.6667743_6667744delTC,,Tue Nov 15 04:23:52 2022
in-hgvs.csv,NC_000001.11:g.6667754_6667755del,,Tue Nov 15 04:23:52 2022
in-hgvs.csv,CM000663.2:g.6667754_6667755del,,Tue Nov 15 04:23:52 2022
in-hgvs.csv,NC_000001.10:g.6727814_6727815del,,Tue Nov 15 04:23:52 2022
in-hgvs.csv,CM000663.1:g.6727814_6727815del,,Tue Nov 15 04:23:52 2022
in-hgvs.csv,NC_000001.9:g.6650401_6650402del,,Tue Nov 15 04:23:52 2022
in-hgvs.csv,NC_000001.11:g.7766594_7766595delCA,,Tue Nov 15 04:23:52 2022
in-hgvs.csv,NC_000001.11:g.7766605_7766606del,,Tue Nov 15 04:23:52 2022
in-hgvs.csv,CM000663.2:g.7766605_7766606del,,Tue Nov 15 04:23:52 2022
in-hgvs.csv,NC_000001.10:g.7826665_7826666del,,Tue Nov 15 04:23:52 2022
in-hgvs.csv,CM000663.1:g.7826665_7826666del,,Tue Nov 15 04:23:52 2022
in-hgvs.csv,NC_000001.9:g.7749252_7749253del,,Tue Nov 15 04:23:52 2022
in-hgvs.csv,NG_053148.1:g.986282_986283del,,Tue Nov 15 04:23:52 2022
in-hgvs.csv,NC_000001.11:g.9611200_9611202delTTT,,Tue Nov 15 04:23:53 2022
in-hgvs.csv,NC_000001.11:g.9611212_9611214del,,Tue Nov 15 04:23:53 2022
in-hgvs.csv,CM000663.2:g.9611212_9611214del,,Tue Nov 15 04:23:53 2022
in-hgvs.csv,NC_000001.10:g.9671270_9671272del,,Tue Nov 15 04:23:53 2022
in-hgvs.csv,CM000663.1:g.9671270_9671272del,,Tue Nov 15 04:23:53 2022
in-hgvs.csv,NC_000001.9:g.9593857_9593859del,,Tue Nov 15 04:23:53 2022
in-hgvs.csv,NC_000001.11:g.10008054delA,,Tue Nov 15 04:23:53 2022
in-hgvs.csv,NC_000001.11:g.10008067del,,Tue Nov 15 04:23:53 2022
in-hgvs.csv,CM000663.2:g.10008067del,,Tue Nov 15 04:23:53 2022
in-hgvs.csv,NC_000001.10:g.10068125del,,Tue Nov 15 04:23:53 2022
in-hgvs.csv,CM000663.1:g.10068125del,,Tue Nov 15 04:23:53 2022
in-hgvs.csv,NC_000001.9:g.9990712del,,Tue Nov 15 04:23:53 2022
in-hgvs.csv,NC_000001.11:g.10181078_10181080delAAA,,Tue Nov 15 04:23:53 2022
in-hgvs.csv,NC_000001.11:g.10181088_10181090del,,Tue Nov 15 04:23:53 2022
in-hgvs.csv,CM000663.2:g.10181088_10181090del,,Tue Nov 15 04:23:53 2022
in-hgvs.csv,NC_000001.10:g.10241146_10241148del,,Tue Nov 15 04:23:53 2022
in-hgvs.csv,CM000663.1:g.10241146_10241148del,,Tue Nov 15 04:23:53 2022
in-hgvs.csv,NC_000001.9:g.10163733_10163735del,,Tue Nov 15 04:23:53 2022
in-hgvs.txt,NC_000001.11:g.1361836A>G,,Tue Nov 15 04:23:58 2022
in-hgvs.txt,NC_000001.11:g.1361836A>G,,Tue Nov 15 04:23:58 2022
in-hgvs.txt,CM000663.2:g.1361836A>G,,Tue Nov 15 04:23:58 2022
in-hgvs.txt,NC_000001.10:g.1297216A>G,,Tue Nov 15 04:23:58 2022
in-hgvs.txt,CM000663.1:g.1297216A>G,,Tue Nov 15 04:23:58 2022
in-hgvs.txt,NC_000001.9:g.1287079A>G,,Tue Nov 15 04:23:58 2022
in-hgvs.txt,NC_000001.11:g.1495785C>T,,Tue Nov 15 04:23:58 2022
in-hgvs.txt,NC_000001.11:g.1495785C>T,,Tue Nov 15 04:23:58 2022
in-hgvs.txt,CM000663.2:g.1495785C>T,,Tue Nov 15 04:23:58 2022
in-hgvs.txt,NC_000001.10:g.1431165C>T,,Tue Nov 15 04:23:58 2022
in-hgvs.txt,CM000663.1:g.1431165C>T,,Tue Nov 15 04:23:58 2022
in-hgvs.txt,NC_000001.9:g.1421028C>T,,Tue Nov 15 04:23:58 2022
in-hgvs.txt,NC_000001.11:g.1647255T>C,,Tue Nov 15 04:23:59 2022
in-hgvs.txt,NC_000001.11:g.1647255T>C,,Tue Nov 15 04:23:59 2022
in-hgvs.txt,CM000663.2:g.1647255T>C,,Tue Nov 15 04:23:59 2022
in-hgvs.txt,NC_000001.10:g.1582616T>C,,Tue Nov 15 04:23:59 2022
in-hgvs.txt,CM000663.1:g.1582616T>C,,Tue Nov 15 04:23:59 2022
in-hgvs.txt,NC_000001.9:g.1572479T>C,,Tue Nov 15 04:23:59 2022
in-hgvs.txt,NC_000001.11:g.2498686T>G,,Tue Nov 15 04:23:59 2022
in-hgvs.txt,NC_000001.11:g.2498686T>G,,Tue Nov 15 04:23:59 2022
in-hgvs.txt,CM000663.2:g.2498686T>G,,Tue Nov 15 04:23:59 2022
in-hgvs.txt,NC_000001.10:g.2430125T>G,,Tue Nov 15 04:23:59 2022
in-hgvs.txt,CM000663.1:g.2430125T>G,,Tue Nov 15 04:23:59 2022
in-hgvs.txt,NC_000001.9:g.2419985T>G,,Tue Nov 15 04:23:59 2022
in-hgvs.txt,NC_000001.11:g.6094348G>A,,Tue Nov 15 04:24:00 2022
in-hgvs.txt,NC_000001.11:g.6094348G>A,,Tue Nov 15 04:24:00 2022
in-hgvs.txt,CM000663.2:g.6094348G>A,,Tue Nov 15 04:24:00 2022
in-hgvs.txt,NC_000001.10:g.6154408G>A,,Tue Nov 15 04:24:00 2022
in-hgvs.txt,CM000663.1:g.6154408G>A,,Tue Nov 15 04:24:00 2022
in-hgvs.txt,NC_000001.9:g.6076995G>A,,Tue Nov 15 04:24:00 2022
in-hgvs.txt,NG_047091.1:g.107051G>A,,Tue Nov 15 04:24:00 2022
in-hgvs.txt,NC_000001.11:g.9057312A>G,,Tue Nov 15 04:24:00 2022
in-hgvs.txt,NC_000001.11:g.9057312A>G,,Tue Nov 15 04:24:00 2022
in-hgvs.txt,CM000663.2:g.9057312A>G,,Tue Nov 15 04:24:00 2022
in-hgvs.txt,NC_000001.10:g.9117371A>G,,Tue Nov 15 04:24:00 2022
in-hgvs.txt,CM000663.1:g.9117371A>G,,Tue Nov 15 04:24:00 2022
in-hgvs.txt,NC_000001.9:g.9039958A>G,,Tue Nov 15 04:24:00 2022
in-hgvs.txt,NG_050918.1:g.41096T>C,,Tue Nov 15 04:24:00 2022
in-hgvs.txt,NC_000001.11:g.10339754A>T,,Tue Nov 15 04:24:01 2022
in-hgvs.txt,NC_000001.11:g.10339754A>T,,Tue Nov 15 04:24:01 2022
in-hgvs.txt,CM000663.2:g.10339754A>T,,Tue Nov 15 04:24:01 2022
in-hgvs.txt,NC_000001.10:g.10399812A>T,,Tue Nov 15 04:24:01 2022
in-hgvs.txt,CM000663.1:g.10399812A>T,,Tue Nov 15 04:24:01 2022
in-hgvs.txt,NC_000001.9:g.10322399A>T,,Tue Nov 15 04:24:01 2022
in-hgvs.txt,NG_008069.1:g.134049A>T,,Tue Nov 15 04:24:01 2022
in-hgvs.txt,LRG_252:g.134049A>T,,Tue Nov 15 04:24:01 2022
in-hgvs.txt,NC_000001.11:g.16058373G>A,,Tue Nov 15 04:24:01 2022
in-hgvs.txt,NC_000001.11:g.16058373G>A,,Tue Nov 15 04:24:01 2022
in-hgvs.txt,CM000663.2:g.16058373G>A,,Tue Nov 15 04:24:01 2022
in-hgvs.txt,NC_000001.10:g.16384868G>A,,Tue Nov 15 04:24:01 2022
in-hgvs.txt,CM000663.1:g.16384868G>A,,Tue Nov 15 04:24:01 2022
in-hgvs.txt,NC_000001.9:g.16257455G>A,,Tue Nov 15 04:24:01 2022
in-hgvs.txt,NG_013079.1:g.19622G>A,,Tue Nov 15 04:24:01 2022
in-hgvs.txt,NC_000001.11:g.16134290G>A,,Tue Nov 15 04:24:01 2022
in-hgvs.txt,NC_000001.11:g.16134290G>A,,Tue Nov 15 04:24:01 2022
in-hgvs.txt,CM000663.2:g.16134290G>A,,Tue Nov 15 04:24:01 2022
in-hgvs.txt,NC_000001.10:g.16460785G>A,,Tue Nov 15 04:24:01 2022
in-hgvs.txt,CM000663.1:g.16460785G>A,,Tue Nov 15 04:24:01 2022
in-hgvs.txt,NC_000001.9:g.16333372G>A,,Tue Nov 15 04:24:01 2022
in-hgvs.txt,NG_021396.1:g.26798C>T,,Tue Nov 15 04:24:01 2022
in-hgvs.txt,NC_000001.11:g.16536213T>G,,Tue Nov 15 04:24:01 2022
in-hgvs.txt,NC_000001.11:g.16536213T>G,,Tue Nov 15 04:24:01 2022
in-hgvs.txt,CM000663.2:g.16536213T>G,,Tue Nov 15 04:24:01 2022
in-hgvs.txt,NC_000001.10:g.16862708T>G,,Tue Nov 15 04:24:01 2022
in-hgvs.txt,CM000663.1:g.16862708T>G,,Tue Nov 15 04:24:01 2022
in-hgvs.txt,NC_000001.9:g.16735295T>G,,Tue Nov 15 04:24:01 2022
in-hgvs.txt,NC_000001.11:g.16619901C>T,,Tue Nov 15 04:24:01 2022
in-hgvs.txt,NC_000001.11:g.16619901C>T,,Tue Nov 15 04:24:01 2022
in-hgvs.txt,CM000663.2:g.16619901C>T,,Tue Nov 15 04:24:01 2022
in-hgvs.txt,NC_000001.10:g.16946396C>T,,Tue Nov 15 04:24:01 2022
in-hgvs.txt,CM000663.1:g.16946396C>T,,Tue Nov 15 04:24:01 2022
in-hgvs.txt,NC_000001.9:g.16818983C>T,,Tue Nov 15 04:24:01 2022
in-hgvs.txt,NC_000001.11:g.16619939C>T,,Tue Nov 15 04:24:02 2022
in-hgvs.txt,NC_000001.11:g.16619939C>T,,Tue Nov 15 04:24:02 2022
in-hgvs.txt,CM000663.2:g.16619939C>T,,Tue Nov 15 04:24:02 2022
in-hgvs.txt,NC_000001.10:g.16946434C>T,,Tue Nov 15 04:24:02 2022
in-hgvs.txt,CM000663.1:g.16946434C>T,,Tue Nov 15 04:24:02 2022
in-hgvs.txt,NC_000001.9:g.16819021C>T,,Tue Nov 15 04:24:02 2022
in-hgvs.txt,NC_000001.11:g.1293767delG,,Tue Nov 15 04:24:02 2022
in-hgvs.txt,NC_000001.11:g.1293768del,,Tue Nov 15 04:24:02 2022
in-hgvs.txt,CM000663.2:g.1293768del,,Tue Nov 15 04:24:02 2022
in-hgvs.txt,NC_000001.10:g.1229148del,,Tue Nov 15 04:24:02 2022
in-hgvs.txt,CM000663.1:g.1229148del,,Tue Nov 15 04:24:02 2022
in-hgvs.txt,NC_000001.9:g.1219011del,,Tue Nov 15 04:24:02 2022
in-hgvs.txt,NC_000001.11:g.1388566_1388567delTC,,Tue Nov 15 04:24:03 2022
in-hgvs.txt,NC_000001.11:g.1388583_1388584del,,Tue Nov 15 04:24:03 2022
in-hgvs.txt,CM000663.2:g.1388583_1388584del,,Tue Nov 15 04:24:03 2022
in-hgvs.txt,NC_000001.10:g.1323963_1323964del,,Tue Nov 15 04:24:03 2022
in-hgvs.txt,CM000663.1:g.1323963_1323964del,,Tue Nov 15 04:24:03 2022
in-hgvs.txt,NC_000001.9:g.1313826_1313827del,,Tue Nov 15 04:24:03 2022
in-hgvs.txt,NG_029782.1:g.15772_15773del,,Tue Nov 15 04:24:03 2022
in-hgvs.txt,NC_000001.11:g.1435464_1435465delGT,,Tue Nov 15 04:24:03 2022
in-hgvs.txt,NC_000001.11:g.1435475_1435476del,,Tue Nov 15 04:24:03 2022
in-hgvs.txt,CM000663.2:g.1435475_1435476del,,Tue Nov 15 04:24:03 2022
in-hgvs.txt,NC_000001.10:g.1370855_1370856del,,Tue Nov 15 04:24:03 2022
in-hgvs.txt,CM000663.1:g.1370855_1370856del,,Tue Nov 15 04:24:03 2022
in-hgvs.txt,NC_000001.9:g.1360718_1360719del,,Tue Nov 15 04:24:03 2022
in-hgvs.txt,NC_000001.11:g.1647916delC,,Tue Nov 15 04:24:03 2022
in-hgvs.txt,NC_000001.11:g.1647918del,,Tue Nov 15 04:24:03 2022
in-hgvs.txt,CM000663.2:g.1647918del,,Tue Nov 15 04:24:03 2022
in-hgvs.txt,NC_000001.10:g.1583279del,,Tue Nov 15 04:24:03 2022
in-hgvs.txt,CM000663.1:g.1583279del,,Tue Nov 15 04:24:03 2022
in-hgvs.txt,NC_000001.9:g.1573142del,,Tue Nov 15 04:24:03 2022
in-hgvs.txt,NC_000001.11:g.2187286delT,,Tue Nov 15 04:24:03 2022
in-hgvs.txt,NC_000001.11:g.2187296del,,Tue Nov 15 04:24:03 2022
in-hgvs.txt,CM000663.2:g.2187296del,,Tue Nov 15 04:24:03 2022
in-hgvs.txt,NC_000001.10:g.2118735del,,Tue Nov 15 04:24:03 2022
in-hgvs.txt,CM000663.1:g.2118735del,,Tue Nov 15 04:24:03 2022
in-hgvs.txt,NC_000001.9:g.2108595del,,Tue Nov 15 04:24:03 2022
in-hgvs.txt,NG_029616.1:g.141827del,,Tue Nov 15 04:24:03 2022
in-hgvs.txt,NC_000001.11:g.2494990_2495014delGTGTCCTCCCTGCTCCCAGTGCCCC,,Tue Nov 15 04:24:04 2022
in-hgvs.txt,NC_000001.11:g.2495040_2495064del,,Tue Nov 15 04:24:04 2022
in-hgvs.txt,CM000663.2:g.2495040_2495064del,,Tue Nov 15 04:24:04 2022
in-hgvs.txt,NC_000001.10:g.2426479_2426503del,,Tue Nov 15 04:24:04 2022
in-hgvs.txt,CM000663.1:g.2426479_2426503del,,Tue Nov 15 04:24:04 2022
in-hgvs.txt,NC_000001.9:g.2416339_2416363del,,Tue Nov 15 04:24:04 2022
in-hgvs.txt,NC_000001.11:g.6667743_6667744delTC,,Tue Nov 15 04:24:04 2022
in-hgvs.txt,NC_000001.11:g.6667754_6667755del,,Tue Nov 15 04:24:04 2022
in-hgvs.txt,CM000663.2:g.6667754_6667755del,,Tue Nov 15 04:24:04 2022
in-hgvs.txt,NC_000001.10:g.6727814_6727815del,,Tue Nov 15 04:24:04 2022
in-hgvs.txt,CM000663.1:g.6727814_6727815del,,Tue Nov 15 04:24:04 2022
in-hgvs.txt,NC_000001.9:g.6650401_6650402del,,Tue Nov 15 04:24:04 2022
in-hgvs.txt,NC_000001.11:g.7766594_7766595delCA,,Tue Nov 15 04:24:04 2022
in-hgvs.txt,NC_000001.11:g.7766605_7766606del,,Tue Nov 15 04:24:04 2022
in-hgvs.txt,CM000663.2:g.7766605_7766606del,,Tue Nov 15 04:24:04 2022
in-hgvs.txt,NC_000001.10:g.7826665_7826666del,,Tue Nov 15 04:24:04 2022
in-hgvs.txt,CM000663.1:g.7826665_7826666del,,Tue Nov 15 04:24:04 2022
in-hgvs.txt,NC_000001.9:g.7749252_7749253del,,Tue Nov 15 04:24:04 2022
in-hgvs.txt,NG_053148.1:g.986282_986283del,,Tue Nov 15 04:24:04 2022
in-hgvs.txt,NC_000001.11:g.9611200_9611202delTTT,,Tue Nov 15 04:24:05 2022
in-hgvs.txt,NC_000001.11:g.9611212_9611214del,,Tue Nov 15 04:24:05 2022
in-hgvs.txt,CM000663.2:g.9611212_9611214del,,Tue Nov 15 04:24:05 2022
in-hgvs.txt,NC_000001.10:g.9671270_9671272del,,Tue Nov 15 04:24:05 2022
in-hgvs.txt,CM000663.1:g.9671270_9671272del,,Tue Nov 15 04:24:05 2022
in-hgvs.txt,NC_000001.9:g.9593857_9593859del,,Tue Nov 15 04:24:05 2022
in-hgvs.txt,NC_000001.11:g.10008054delA,,Tue Nov 15 04:24:05 2022
in-hgvs.txt,NC_000001.11:g.10008067del,,Tue Nov 15 04:24:05 2022
in-hgvs.txt,CM000663.2:g.10008067del,,Tue Nov 15 04:24:05 2022
in-hgvs.txt,NC_000001.10:g.10068125del,,Tue Nov 15 04:24:05 2022
in-hgvs.txt,CM000663.1:g.10068125del,,Tue Nov 15 04:24:05 2022
in-hgvs.txt,NC_000001.9:g.9990712del,,Tue Nov 15 04:24:05 2022
in-hgvs.txt,NC_000001.11:g.10181078_10181080delAAA,,Tue Nov 15 04:24:05 2022
in-hgvs.txt,NC_000001.11:g.10181088_10181090del,,Tue Nov 15 04:24:05 2022
in-hgvs.txt,CM000663.2:g.10181088_10181090del,,Tue Nov 15 04:24:05 2022
in-hgvs.txt,NC_000001.10:g.10241146_10241148del,,Tue Nov 15 04:24:05 2022
in-hgvs.txt,CM000663.1:g.10241146_10241148del,,Tue Nov 15 04:24:05 2022
in-hgvs.txt,NC_000001.9:g.10163733_10163735del,,Tue Nov 15 04:24:05 2022
in-chr.txt,NC_000007.13:g.87053221C>T,,Tue Nov 15 04:24:10 2022
in-chr.txt,NC_000007.14:g.87423905C>T,,Tue Nov 15 04:24:10 2022
in-chr.txt,CM000669.2:g.87423905C>T,,Tue Nov 15 04:24:10 2022
in-chr.txt,NC_000007.13:g.87053221C>T,,Tue Nov 15 04:24:10 2022
in-chr.txt,CM000669.1:g.87053221C>T,,Tue Nov 15 04:24:10 2022
in-chr.txt,NC_000007.12:g.86891157C>T,,Tue Nov 15 04:24:10 2022
in-chr.txt,NG_007118.1:g.61528G>A,,Tue Nov 15 04:24:10 2022
in-chr.txt,NG_007118.2:g.61528G>A,,Tue Nov 15 04:24:10 2022
in-chr.txt,NC_000009.11:g.133738309A>G,35981703,Tue Nov 15 04:24:12 2022
in-chr.txt,NC_000009.12:g.130862922A>G,,Tue Nov 15 04:24:12 2022
in-chr.txt,CM000671.2:g.130862922A>G,,Tue Nov 15 04:24:12 2022
in-chr.txt,NC_000009.11:g.133738309A>G,35981703,Tue Nov 15 04:24:12 2022
in-chr.txt,CM000671.1:g.133738309A>G,,Tue Nov 15 04:24:12 2022
in-chr.txt,NC_000009.10:g.132728130A>G,,Tue Nov 15 04:24:12 2022
in-chr.txt,NG_012034.1:g.154042A>G,,Tue Nov 15 04:24:12 2022
in-chr.txt,NC_000009.11:g.133738340A>G,35981706,Tue Nov 15 04:24:13 2022
in-chr.txt,NC_000009.12:g.130862953A>G,36749182,Tue Nov 15 04:24:13 2022
in-chr.txt,CM000671.2:g.130862953A>G,,Tue Nov 15 04:24:13 2022
in-chr.txt,NC_000009.11:g.133738340A>G,35981706,Tue Nov 15 04:24:13 2022
in-chr.txt,CM000671.1:g.133738340A>G,,Tue Nov 15 04:24:13 2022
in-chr.txt,NC_000009.10:g.132728161A>G,,Tue Nov 15 04:24:13 2022
in-chr.txt,NG_012034.1:g.154073A>G,,Tue Nov 15 04:24:13 2022
in-chr.txt,NC_000009.11:g.133738342C>G,35981707,Tue Nov 15 04:24:14 2022
in-chr.txt,NC_000009.12:g.130862955C>G,35981640,Tue Nov 15 04:24:14 2022
in-chr.txt,CM000671.2:g.130862955C>G,,Tue Nov 15 04:24:14 2022
in-chr.txt,NC_000009.11:g.133738342C>G,35981707,Tue Nov 15 04:24:14 2022
in-chr.txt,CM000671.1:g.133738342C>G,,Tue Nov 15 04:24:14 2022
in-chr.txt,NC_000009.10:g.132728163C>G,,Tue Nov 15 04:24:14 2022
in-chr.txt,NG_012034.1:g.154075C>G,,Tue Nov 15 04:24:14 2022
in-chr.txt,NC_000009.11:g.133738348G>A,,Tue Nov 15 04:24:14 2022
in-chr.txt,NC_000009.12:g.130862961G>A,,Tue Nov 15 04:24:14 2022
in-chr.txt,CM000671.2:g.130862961G>A,,Tue Nov 15 04:24:14 2022
in-chr.txt,NC_000009.11:g.133738348G>A,,Tue Nov 15 04:24:14 2022
in-chr.txt,CM000671.1:g.133738348G>A,,Tue Nov 15 04:24:14 2022
in-chr.txt,NC_000009.10:g.132728169G>A,,Tue Nov 15 04:24:14 2022
in-chr.txt,NG_012034.1:g.154081G>A,,Tue Nov 15 04:24:14 2022
in-chr.txt,NC_000009.11:g.133738349G>A,35981709,Tue Nov 15 04:24:14 2022
in-chr.txt,NC_000009.12:g.130862962G>A,35981641,Tue Nov 15 04:24:14 2022
in-chr.txt,CM000671.2:g.130862962G>A,,Tue Nov 15 04:24:14 2022
in-chr.txt,NC_000009.11:g.133738349G>A,35981709,Tue Nov 15 04:24:14 2022
in-chr.txt,CM000671.1:g.133738349G>A,,Tue Nov 15 04:24:14 2022
in-chr.txt,NC_000009.10:g.132728170G>A,,Tue Nov 15 04:24:14 2022
in-chr.txt,NG_012034.1:g.154082G>A,,Tue Nov 15 04:24:14 2022
