#CHROM	POS	ID	REF	ALT	variation	chrom_n	Relationship	HGVSg	message	url
chr1	1361836	rs2649611	A	G	snv	1	NC_000001.11	NC_000001.11:g.1361836A>G		http://reg.test.genome.network/allele?hgvs=NC_000001.11:g.1361836A>G
chr1	1495785	rs9792879	C	T	snv	1	NC_000001.11	NC_000001.11:g.1495785C>T		http://reg.test.genome.network/allele?hgvs=NC_000001.11:g.1495785C>T
chr1	1647255	rs74047815	T	C	snv	1	NC_000001.11	NC_000001.11:g.1647255T>C		http://reg.test.genome.network/allele?hgvs=NC_000001.11:g.1647255T>C
chr1	2498686	rs1299513686	T	G	snv	1	NC_000001.11	NC_000001.11:g.2498686T>G		http://reg.test.genome.network/allele?hgvs=NC_000001.11:g.2498686T>G
chr1	6094348	.	G	A	snv	1	NC_000001.11	NC_000001.11:g.6094348G>A		http://reg.test.genome.network/allele?hgvs=NC_000001.11:g.6094348G>A
chr1	9057312	rs11121310	A	G	snv	1	NC_000001.11	NC_000001.11:g.9057312A>G		http://reg.test.genome.network/allele?hgvs=NC_000001.11:g.9057312A>G
chr1	10339754	rs200470260	A	T	snv	1	NC_000001.11	NC_000001.11:g.10339754A>T		http://reg.test.genome.network/allele?hgvs=NC_000001.11:g.10339754A>T
chr1	16058373	rs12756288	G	A	snv	1	NC_000001.11	NC_000001.11:g.16058373G>A		http://reg.test.genome.network/allele?hgvs=NC_000001.11:g.16058373G>A
chr1	16134290	rs556337301	G	A	snv	1	NC_000001.11	NC_000001.11:g.16134290G>A		http://reg.test.genome.network/allele?hgvs=NC_000001.11:g.16134290G>A
chr1	16536213	rs1762987	T	G	snv	1	NC_000001.11	NC_000001.11:g.16536213T>G		http://reg.test.genome.network/allele?hgvs=NC_000001.11:g.16536213T>G
chr1	16619901	rs367013	C	T	snv	1	NC_000001.11	NC_000001.11:g.16619901C>T		http://reg.test.genome.network/allele?hgvs=NC_000001.11:g.16619901C>T
chr1	16619939	rs367060	C	T	snv	1	NC_000001.11	NC_000001.11:g.16619939C>T		http://reg.test.genome.network/allele?hgvs=NC_000001.11:g.16619939C>T
chr1	1293766	rs374659902	AG	A	del	1	NC_000001.11	NC_000001.11:g.1293767delG		http://reg.test.genome.network/allele?hgvs=NC_000001.11:g.1293767delG
chr1	1388565	.	GTC	G	del	1	NC_000001.11	NC_000001.11:g.1388566_1388567delTC		http://reg.test.genome.network/allele?hgvs=NC_000001.11:g.1388566_1388567delTC
chr1	1435463	rs1454992481	AGT	A	del	1	NC_000001.11	NC_000001.11:g.1435464_1435465delGT		http://reg.test.genome.network/allele?hgvs=NC_000001.11:g.1435464_1435465delGT
chr1	1647915	rs1197938036	TC	T	del	1	NC_000001.11	NC_000001.11:g.1647916delC		http://reg.test.genome.network/allele?hgvs=NC_000001.11:g.1647916delC
chr1	2187285	.	CT	C	del	1	NC_000001.11	NC_000001.11:g.2187286delT		http://reg.test.genome.network/allele?hgvs=NC_000001.11:g.2187286delT
chr1	2494989	rs774037572	AGTGTCCTCCCTGCTCCCAGTGCCCC	A	del	1	NC_000001.11	NC_000001.11:g.2494990_2495014delGTGTCCTCCCTGCTCCCAGTGCCCC		http://reg.test.genome.network/allele?hgvs=NC_000001.11:g.2494990_2495014delGTGTCCTCCCTGCTCCCAGTGCCCC
chr1	6667742	rs374290353	TTC	T	del	1	NC_000001.11	NC_000001.11:g.6667743_6667744delTC		http://reg.test.genome.network/allele?hgvs=NC_000001.11:g.6667743_6667744delTC
chr1	7766593	.	GCA	G	del	1	NC_000001.11	NC_000001.11:g.7766594_7766595delCA		http://reg.test.genome.network/allele?hgvs=NC_000001.11:g.7766594_7766595delCA
chr1	9611199	.	CTTT	C	del	1	NC_000001.11	NC_000001.11:g.9611200_9611202delTTT		http://reg.test.genome.network/allele?hgvs=NC_000001.11:g.9611200_9611202delTTT
chr1	10008053	.	CA	C	del	1	NC_000001.11	NC_000001.11:g.10008054delA		http://reg.test.genome.network/allele?hgvs=NC_000001.11:g.10008054delA
chr1	10181077	rs34197778	TAAA	T	del	1	NC_000001.11	NC_000001.11:g.10181078_10181080delAAA		http://reg.test.genome.network/allele?hgvs=NC_000001.11:g.10181078_10181080delAAA
chr1	10378874	rs1321374537	AT	A	del	1	NC_000001.11	NC_000001.11:g.10378875delT		http://reg.test.genome.network/allele?hgvs=NC_000001.11:g.10378875delT
chr1	10451272	rs1451840837	CA	C	del	1	NC_000001.11	NC_000001.11:g.10451273delA		http://reg.test.genome.network/allele?hgvs=NC_000001.11:g.10451273delA
chr1	10460907	.	CTT	C	del	1	NC_000001.11	NC_000001.11:g.10460908_10460909delTT		http://reg.test.genome.network/allele?hgvs=NC_000001.11:g.10460908_10460909delTT
chr1	10637175	.	GT	G	del	1	NC_000001.11	NC_000001.11:g.10637176delT		http://reg.test.genome.network/allele?hgvs=NC_000001.11:g.10637176delT
chr1	10970134	.	GAGGA	G	del	1	NC_000001.11	NC_000001.11:g.10970135_10970138delAGGA		http://reg.test.genome.network/allele?hgvs=NC_000001.11:g.10970135_10970138delAGGA
chr1	11080564	rs58972264	AC	A	del	1	NC_000001.11	NC_000001.11:g.11080565delC		http://reg.test.genome.network/allele?hgvs=NC_000001.11:g.11080565delC
chr1	12013194	rs35943162	GA	G	del	1	NC_000001.11	NC_000001.11:g.12013195delA		http://reg.test.genome.network/allele?hgvs=NC_000001.11:g.12013195delA
chr1	12209133	rs777929901	TTG	T	del	1	NC_000001.11	NC_000001.11:g.12209134_12209135delTG		http://reg.test.genome.network/allele?hgvs=NC_000001.11:g.12209134_12209135delTG
chr1	12379771	rs368778602	AT	A	del	1	NC_000001.11	NC_000001.11:g.12379772delT		http://reg.test.genome.network/allele?hgvs=NC_000001.11:g.12379772delT
chr1	12404070	rs575397720	CT	C	del	1	NC_000001.11	NC_000001.11:g.12404071delT		http://reg.test.genome.network/allele?hgvs=NC_000001.11:g.12404071delT
chr1	12510525	.	CTGTG	C	del	1	NC_000001.11	NC_000001.11:g.12510526_12510529delTGTG		http://reg.test.genome.network/allele?hgvs=NC_000001.11:g.12510526_12510529delTGTG
chr1	16045779	rs57591489	TG	T	del	1	NC_000001.11	NC_000001.11:g.16045780delG		http://reg.test.genome.network/allele?hgvs=NC_000001.11:g.16045780delG
chr1	16421327	.	GCA	G	del	1	NC_000001.11	NC_000001.11:g.16421328_16421329delCA		http://reg.test.genome.network/allele?hgvs=NC_000001.11:g.16421328_16421329delCA
chr1	1509413	rs1291545022	C	CG	ins	1	NC_000001.11	NC_000001.11:g.1509413_1509414insG		http://reg.test.genome.network/allele?hgvs=NC_000001.11:g.1509413_1509414insG
chr1	1959265	.	G	GT	ins	1	NC_000001.11	NC_000001.11:g.1959265_1959266insT		http://reg.test.genome.network/allele?hgvs=NC_000001.11:g.1959265_1959266insT
chr1	2187303	.	C	CT	ins	1	NC_000001.11	NC_000001.11:g.2187303_2187304insT		http://reg.test.genome.network/allele?hgvs=NC_000001.11:g.2187303_2187304insT
chr1	3872614	.	G	GGGCCCTGTCCCTGCCCCTGTCCCTGCCGC	ins	1	NC_000001.11	NC_000001.11:g.3872614_3872615insGGCCCTGTCCCTGCCCCTGTCCCTGCCGC		http://reg.test.genome.network/allele?hgvs=NC_000001.11:g.3872614_3872615insGGCCCTGTCCCTGCCCCTGTCCCTGCCGC
chr1	6417952	rs540148814	G	GA	ins	1	NC_000001.11	NC_000001.11:g.6417952_6417953insA		http://reg.test.genome.network/allele?hgvs=NC_000001.11:g.6417952_6417953insA
chr1	9369205	.	G	GT	ins	1	NC_000001.11	NC_000001.11:g.9369205_9369206insT		http://reg.test.genome.network/allele?hgvs=NC_000001.11:g.9369205_9369206insT
chr1	9971973	.	G	GA	ins	1	NC_000001.11	NC_000001.11:g.9971973_9971974insA		http://reg.test.genome.network/allele?hgvs=NC_000001.11:g.9971973_9971974insA
chr1	10117622	.	T	TA	ins	1	NC_000001.11	NC_000001.11:g.10117622_10117623insA		http://reg.test.genome.network/allele?hgvs=NC_000001.11:g.10117622_10117623insA
chr1	10180801	.	G	GT	ins	1	NC_000001.11	NC_000001.11:g.10180801_10180802insT		http://reg.test.genome.network/allele?hgvs=NC_000001.11:g.10180801_10180802insT
chr1	10339748	rs770960183	C	CT	ins	1	NC_000001.11	NC_000001.11:g.10339748_10339749insT		http://reg.test.genome.network/allele?hgvs=NC_000001.11:g.10339748_10339749insT
chr1	10377937	.	G	GA	ins	1	NC_000001.11	NC_000001.11:g.10377937_10377938insA		http://reg.test.genome.network/allele?hgvs=NC_000001.11:g.10377937_10377938insA
chr1	11055120	.	C	CT	ins	1	NC_000001.11	NC_000001.11:g.11055120_11055121insT		http://reg.test.genome.network/allele?hgvs=NC_000001.11:g.11055120_11055121insT
chr1	11533728	rs962906109	G	GACACGCATGCAC	ins	1	NC_000001.11	NC_000001.11:g.11533728_11533729insACACGCATGCAC		http://reg.test.genome.network/allele?hgvs=NC_000001.11:g.11533728_11533729insACACGCATGCAC
chr1	12338369	rs914241439	A	AT	ins	1	NC_000001.11	NC_000001.11:g.12338369_12338370insT		http://reg.test.genome.network/allele?hgvs=NC_000001.11:g.12338369_12338370insT
chr1	15580201	.	C	TTTT	ins	1	NC_000001.11	NC_000001.11:g.15580201delCinsTTTT	check	http://reg.test.genome.network/allele?hgvs=NC_000001.11:g.15580201delCinsTTTT
chr1	16008807	.	C	CA	ins	1	NC_000001.11	NC_000001.11:g.16008807_16008808insA		http://reg.test.genome.network/allele?hgvs=NC_000001.11:g.16008807_16008808insA
chr1	16044378	rs146972886	C	CACACACACACAT	ins	1	NC_000001.11	NC_000001.11:g.16044378_16044379insACACACACACAT		http://reg.test.genome.network/allele?hgvs=NC_000001.11:g.16044378_16044379insACACACACACAT
chr1	16058340	rs1350227518	G	GATGCCCTGCCCTGGACCCCGGGGTCCAGAT	ins	1	NC_000001.11	NC_000001.11:g.16058340_16058341insATGCCCTGCCCTGGACCCCGGGGTCCAGAT		http://reg.test.genome.network/allele?hgvs=NC_000001.11:g.16058340_16058341insATGCCCTGCCCTGGACCCCGGGGTCCAGAT
